,no_disease_mean,disease_mean,absolute_difference,relative_difference_percent
thalach,139.1014492753623,158.3780487804878,19.27659950512549,13.857942965760145
chol,251.08695652173913,242.640243902439,8.446712619300115,3.364058705522124
trestbps,134.3985507246377,129.25,5.148550724637687,3.8308082169623163
age,56.60144927536232,52.58536585365854,4.016083421703783,7.095372067534529
oldpeak,1.5855072463768116,0.5865853658536585,0.9989218805231531,63.003299594239095
