feature,skewness,absolute_skewness
oldpeak,1.266172720910219,1.266172720910219
chol,1.147332413980798,1.147332413980798
trestbps,0.7165414326647316,0.7165414326647316
thalach,-0.5326712468229613,0.5326712468229613
age,-0.20374327959596905,0.20374327959596905
