,non_diabetic_mean,diabetic_mean,absolute_difference,relative_difference_percent
Insulin,127.792,164.70149253731344,36.90949253731344,28.88247506675961
Glucose,110.682,142.13059701492537,31.44859701492537,28.413470135094563
Age,31.19,37.06716417910448,5.877164179104479,18.843104133069826
BMI,30.8856,35.383582089552235,4.497982089552234,14.56336315160539
BloodPressure,70.92,75.1231343283582,4.203134328358203,5.926585347374793
SkinThickness,27.726,31.686567164179106,3.960567164179107,14.284668412966555
Pregnancies,3.298,4.865671641791045,1.567671641791045,47.534009757157214
DiabetesPedigreeFunction,0.429734,0.5505,0.12076599999999998,28.102500616660535
