feature,skewness,absolute_skewness
Insulin,3.380019128212173,3.380019128212173
DiabetesPedigreeFunction,1.919911066307204,1.919911066307204
Age,1.1295967011444805,1.1295967011444805
Pregnancies,0.9016739791518588,0.9016739791518588
SkinThickness,0.8376083316006523,0.8376083316006523
BMI,0.599232520287425,0.599232520287425
Glucose,0.5355873034111183,0.5355873034111183
BloodPressure,0.1418850201030565,0.1418850201030565
