,count,mean,std,min,25%,50%,75%,max
Pregnancies,768.0,3.8450520833333335,3.3695780626988694,0.0,1.0,3.0,6.0,17.0
Glucose,768.0,121.65625,30.43828582241517,44.0,99.75,117.0,140.25,199.0
BloodPressure,768.0,72.38671875,12.096641733978139,24.0,64.0,72.0,80.0,122.0
SkinThickness,768.0,29.108072916666668,8.791221023089706,7.0,25.0,29.0,32.0,99.0
Insulin,768.0,140.671875,86.383059693181,14.0,121.5,125.0,127.25,846.0
BMI,768.0,32.45520833333333,6.875176818080995,18.2,27.5,32.3,36.6,67.1
DiabetesPedigreeFunction,768.0,0.47187630208333325,0.3313285950127749,0.078,0.24375,0.3725,0.62625,2.42
Age,768.0,33.240885416666664,11.760231540678685,21.0,24.0,29.0,41.0,81.0
Outcome,768.0,0.3489583333333333,0.47695137724279896,0.0,0.0,0.0,1.0,1.0
