feature,correlation_with_target,absolute_correlation
Glucose,0.4927824039150268,0.4927824039150268
BMI,0.31203833867711117,0.31203833867711117
Age,0.23835598302719757,0.23835598302719757
Pregnancies,0.22189815303398636,0.22189815303398636
SkinThickness,0.2148732193919899,0.2148732193919899
Insulin,0.2037903422445466,0.2037903422445466
DiabetesPedigreeFunction,0.17384406565296004,0.17384406565296004
BloodPressure,0.16572291308057696,0.16572291308057696
