{
    "0": {
        "precision": 0.03571428571428571,
        "recall": 0.03571428571428571,
        "f1-score": 0.03571428571428571,
        "support": 28.0
    },
    "1": {
        "precision": 0.18181818181818182,
        "recall": 0.18181818181818182,
        "f1-score": 0.18181818181818182,
        "support": 33.0
    },
    "accuracy": 0.11475409836065574,
    "macro avg": {
        "precision": 0.10876623376623376,
        "recall": 0.10876623376623376,
        "f1-score": 0.10876623376623376,
        "support": 61.0
    },
    "weighted avg": {
        "precision": 0.11475409836065574,
        "recall": 0.11475409836065574,
        "f1-score": 0.11475409836065574,
        "support": 61.0
    }
}