{
    "0": {
        "precision": 0.9516129032258065,
        "recall": 0.59,
        "f1-score": 0.7283950617283951,
        "support": 100.0
    },
    "1": {
        "precision": 0.5543478260869565,
        "recall": 0.9444444444444444,
        "f1-score": 0.6986301369863014,
        "support": 54.0
    },
    "accuracy": 0.7142857142857143,
    "macro avg": {
        "precision": 0.7529803646563815,
        "recall": 0.7672222222222222,
        "f1-score": 0.7135125993573482,
        "support": 154.0
    },
    "weighted avg": {
        "precision": 0.8123121618914046,
        "recall": 0.7142857142857143,
        "f1-score": 0.717958010195453,
        "support": 154.0
    }
}