{
    "dataset_name": "breast_cancer",
    "generated_at": "2026-04-03T14:38:42.473190Z",
    "threshold": 0.19999999999999996,
    "report": {
        "0": {
            "precision": 1.0,
            "recall": 0.9629629629629629,
            "f1-score": 0.9811320754716981,
            "support": 54.0
        },
        "1": {
            "precision": 0.9411764705882353,
            "recall": 1.0,
            "f1-score": 0.9696969696969697,
            "support": 32.0
        },
        "accuracy": 0.9767441860465116,
        "macro avg": {
            "precision": 0.9705882352941176,
            "recall": 0.9814814814814814,
            "f1-score": 0.9754145225843339,
            "support": 86.0
        },
        "weighted avg": {
            "precision": 0.9781121751025993,
            "recall": 0.9767441860465116,
            "f1-score": 0.9768771523927293,
            "support": 86.0
        }
    }
}